<?xml version="1.0" encoding="UTF-8"?>
<project-private xmlns="http://www.netbeans.org/ns/project-private/1">
    <editor-bookmarks xmlns="http://www.netbeans.org/ns/editor-bookmarks/2" lastBookmarkId="0"/>
    <open-files xmlns="http://www.netbeans.org/ns/projectui-open-files/2">
        <group>
            <file>file://04-SC/04%20Students$/599793/profile/desktop/Processing_3D_2021/src/BoxesInSpace.java</file>
            <file>file://04-SC/04%20Students$/599793/profile/desktop/Processing_3D_2021/src/Crop.java</file>
        </group>
    </open-files>
</project-private>
